tipo,data,duraÃ§Ã£o,X,Y,Z,sigmaX,sigmaY,sigmaZ,IAR
csrs,1,15,2874244.2947,-5675803.2946,-451414.5211,-0.1348,-0.1223,0.2539,0.00%
csrs,1,30,2874244.4262,-5675803.2810,-451414.5261,-0.0033,-0.1087,0.2489,87.50%
csrs,1,45,2874244.4262,-5675803.2796,-451414.5280,-0.0033,-0.1073,0.2470,83.05%
csrs,1,60,2874244.4268,-5675803.2806,-451414.5292,-0.0027,-0.1083,0.2458,79.38%
csrs,1,120,2874244.4293,-5675803.2873,-451414.5311,-0.0002,-0.1150,0.2439,94.99%
csrs,2,15,2874244.3179,-5675803.2472,-451414.5621,-0.1116,-0.0749,0.2129,0.00%
csrs,2,30,2874244.4211,-5675803.2588,-451414.5278,-0.0084,-0.0865,0.2472,87.50%
csrs,2,45,2874244.4261,-5675803.2699,-451414.5305,-0.0034,-0.0976,0.2445,96.52%
csrs,2,60,2874244.4259,-5675803.2717,-451414.5311,-0.0036,-0.0994,0.2439,98.69%
csrs,2,120,2874244.4256,-5675803.2816,-451414.5314,-0.0039,-0.1093,0.2436,97.20%
csrs,3,15,2874244.5675,-5675803.0345,-451414.4955,0.1380,0.1378,0.2795,0.00%
csrs,3,30,2874244.6393,-5675803.1237,-451414.5361,0.2098,0.0486,0.2389,0.00%
csrs,3,45,2874244.5949,-5675803.1682,-451414.5566,0.1654,0.0041,0.2184,0.00%
csrs,3,60,2874244.5688,-5675803.2017,-451414.5626,0.1393,-0.0294,0.2124,0.00%
csrs,3,120,2874244.5043,-5675803.2607,-451414.5360,0.0748,-0.0884,0.2390,0.00%
csrs,4,15,2874244.3954,-5675803.3647,-451414.5211,-0.0341,-0.1924,0.2539,0.00%
csrs,4,30,2874244.4235,-5675803.2620,-451414.5269,-0.0060,-0.0897,0.2481,83.07%
csrs,4,45,2874244.4211,-5675803.2617,-451414.5271,-0.0084,-0.0894,0.2479,78.26%
csrs,4,60,2874244.4227,-5675803.2685,-451414.5296,-0.0068,-0.0962,0.2454,100.00%
csrs,4,120,2874244.4276,-5675803.2859,-451414.5334,-0.0019,-0.1136,0.2416,98.18%
csrs,5,15,2874244.4323,-5675803.1511,-451414.5104,0.0028,0.0212,0.2646,0.00%
csrs,5,30,2874244.4218,-5675803.2544,-451414.5307,-0.0077,-0.0821,0.2443,80.72%
csrs,5,45,2874244.4255,-5675803.2614,-451414.5319,-0.0040,-0.0891,0.2431,100.00%
csrs,5,60,2874244.4275,-5675803.2723,-451414.5325,-0.0020,-0.1000,0.2425,100.00%
csrs,5,120,2874244.4300,-5675803.2845,-451414.5320,0.0005,-0.1122,0.2430,95.92%
csrs,6,15,2874244.4609,-5675803.3679,-451414.5573,0.0314,-0.1956,0.2177,0.00%
csrs,6,30,2874244.4215,-5675803.2618,-451414.5307,-0.0080,-0.0895,0.2443,78.06%
csrs,6,45,2874244.4266,-5675803.2725,-451414.5325,-0.0029,-0.1002,0.2425,100.00%
csrs,6,60,2874244.4281,-5675803.2811,-451414.5330,-0.0014,-0.1088,0.2420,100.00%
csrs,6,120,2874244.4307,-5675803.2910,-451414.5334,0.0012,-0.1187,0.2416,93.84%
csrs,7,15,2874244.4666,-5675803.2748,-451414.5275,0.0371,-0.1025,0.2475,0.00%
csrs,7,30,2874244.4509,-5675803.3310,-451414.5274,0.0214,-0.1587,0.2476,0.00%
csrs,7,45,2874244.4288,-5675803.2818,-451414.5316,-0.0007,-0.1095,0.2434,54.10%
csrs,7,60,2874244.4399,-5675803.3027,-451414.5360,0.0104,-0.1304,0.2390,99.11%
csrs,7,120,2874244.4317,-5675803.2911,-451414.5352,0.0022,-0.1188,0.2398,96.93%
csrs,8,15,2874244.4122,-5675803.3165,-451414.5492,-0.0173,-0.1442,0.2258,0.00%
csrs,8,30,2874244.4421,-5675803.2815,-451414.5513,0.0126,-0.1092,0.2237,0.00%
csrs,8,45,2874244.4309,-5675803.2973,-451414.5327,0.0014,-0.1250,0.2423,99.53%
csrs,8,60,2874244.4491,-5675803.3249,-451414.5372,0.0196,-0.1526,0.2378,81.87%
csrs,8,120,2874244.5066,-5675803.3276,-451414.5457,0.0771,-0.1553,0.2293,0.00%
csrs,9,15,2874244.4546,-5675803.3548,-451414.4983,0.0251,-0.1825,0.2767,0.00%
csrs,9,30,2874244.4218,-5675803.3102,-451414.5145,-0.0077,-0.1379,0.2605,0.00%
csrs,9,45,2874244.4276,-5675803.2807,-451414.5335,-0.0019,-0.1084,0.2415,100.00%
csrs,9,60,2874244.4275,-5675803.2824,-451414.5337,-0.0020,-0.1101,0.2413,97.93%
csrs,9,120,2874244.4249,-5675803.2828,-451414.5364,-0.0046,-0.1105,0.2386,97.02%
csrs,10,15,2874244.3745,-5675803.3577,-451414.5655,-0.0550,-0.1854,0.2095,0.00%
csrs,10,30,2874244.3625,-5675803.2974,-451414.5274,-0.0670,-0.1251,0.2476,0.00%
csrs,10,45,2874244.4167,-5675803.2729,-451414.5338,-0.0128,-0.1006,0.2412,98.61%
csrs,10,60,2874244.4234,-5675803.2852,-451414.5355,-0.0061,-0.1129,0.2395,96.40%
csrs,10,120,2874244.4221,-5675803.2861,-451414.5350,-0.0074,-0.1138,0.2400,97.77%
csrs,11,15,2874244.4328,-5675803.2527,-451414.5365,0.0033,-0.0804,0.2385,0.00%
csrs,11,30,2874244.3982,-5675803.2715,-451414.5374,-0.0313,-0.0992,0.2376,0.00%
csrs,11,45,2874244.4251,-5675803.2741,-451414.5339,-0.0044,-0.1018,0.2411,98.85%
csrs,11,60,2874244.4249,-5675803.2746,-451414.5352,-0.0046,-0.1023,0.2398,93.16%
csrs,11,120,2874244.4229,-5675803.2761,-451414.5349,-0.0066,-0.1038,0.2401,98.97%
csrs,12,15,2874244.3792,-5675803.3161,-451414.5370,-0.0503,-0.1438,0.2380,0.00%
csrs,12,30,2874244.4282,-5675803.2845,-451414.5345,-0.0013,-0.1122,0.2405,94.49%
csrs,12,45,2874244.4227,-5675803.2784,-451414.5341,-0.0068,-0.1061,0.2409,94.25%
csrs,12,60,2874244.4231,-5675803.2807,-451414.5343,-0.0064,-0.1084,0.2407,95.89%
csrs,12,120,2874244.4214,-5675803.2780,-451414.5323,-0.0081,-0.1057,0.2427,97.93%
csrs,13,15,2874244.3912,-5675803.3111,-451414.5299,-0.0383,-0.1388,0.2451,0.00%
csrs,13,30,2874244.4341,-5675803.2977,-451414.5338,0.0046,-0.1254,0.2412,85.31%
csrs,13,45,2874244.4352,-5675803.2994,-451414.5351,0.0057,-0.1271,0.2399,94.35%
csrs,13,60,2874244.4268,-5675803.2859,-451414.5339,-0.0027,-0.1136,0.2411,82.88%
csrs,13,120,2874244.4256,-5675803.2858,-451414.5334,-0.0039,-0.1135,0.2416,96.79%
csrs,14,15,2874244.4863,-5675803.1187,-451414.5033,0.0568,0.0536,0.2717,0.00%
csrs,14,30,2874244.4409,-5675803.2355,-451414.5337,0.0114,-0.0632,0.2413,0.00%
csrs,14,45,2874244.4210,-5675803.2706,-451414.5356,-0.0085,-0.0983,0.2394,94.25%
csrs,14,60,2874244.4267,-5675803.2802,-451414.5361,-0.0028,-0.1079,0.2389,98.20%
csrs,14,120,2874244.4205,-5675803.2754,-451414.5348,-0.0090,-0.1031,0.2402,94.42%
csrs,15,15,2874244.3996,-5675803.2691,-451414.5171,-0.0299,-0.0968,0.2579,0.00%
csrs,15,30,2874244.4382,-5675803.3091,-451414.5382,0.0087,-0.1368,0.2368,42.88%
csrs,15,45,2874244.4098,-5675803.2740,-451414.5207,-0.0197,-0.1017,0.2543,0.00%
csrs,15,60,2874244.4197,-5675803.2789,-451414.5323,-0.0098,-0.1066,0.2427,72.27%
csrs,15,120,2874244.4332,-5675803.2923,-451414.5354,0.0037,-0.1200,0.2396,95.64%
csrs,16,15,2874244.3743,-5675803.4574,-451414.5118,-0.0552,-0.2851,0.2632,0.00%
csrs,16,30,2874244.4096,-5675803.2917,-451414.5180,-0.0199,-0.1194,0.2570,0.00%
csrs,16,45,2874244.4091,-5675803.2920,-451414.5178,-0.0204,-0.1197,0.2572,0.00%
csrs,16,60,2874244.4241,-5675803.2844,-451414.5374,-0.0054,-0.1121,0.2376,58.62%
csrs,16,120,2874244.4192,-5675803.2729,-451414.5330,-0.0103,-0.1006,0.2420,85.01%
csrs,17,15,2874244.3556,-5675803.3236,-451414.5312,-0.0739,-0.1513,0.2438,0.00%
csrs,17,30,2874244.4338,-5675803.3016,-451414.5399,0.0043,-0.1293,0.2351,63.43%
csrs,17,45,2874244.4340,-5675803.3031,-451414.5370,0.0045,-0.1308,0.2380,87.70%
csrs,17,60,2874244.4319,-5675803.2951,-451414.5357,0.0024,-0.1228,0.2393,94.26%
csrs,17,120,2874244.4309,-5675803.2928,-451414.5349,0.0014,-0.1205,0.2401,93.17%
csrs,18,15,2874244.3844,-5675803.2812,-451414.5122,-0.0451,-0.1089,0.2628,0.00%
csrs,18,30,2874244.3753,-5675803.3128,-451414.5410,-0.0542,-0.1405,0.2340,0.00%
csrs,18,45,2874244.4363,-5675803.3118,-451414.5401,0.0068,-0.1395,0.2349,87.85%
csrs,18,60,2874244.4323,-5675803.2992,-451414.5348,0.0028,-0.1269,0.2402,93.80%
csrs,18,120,2874244.4292,-5675803.2940,-451414.5339,-0.0003,-0.1217,0.2411,96.45%
csrs,19,15,2874244.4849,-5675803.2811,-451414.5219,0.0554,-0.1088,0.2531,0.00%
csrs,19,30,2874244.4686,-5675803.2552,-451414.5401,0.0391,-0.0829,0.2349,0.00%
csrs,19,45,2874244.4223,-5675803.2789,-451414.5344,-0.0072,-0.1066,0.2406,57.96%
csrs,19,60,2874244.4192,-5675803.2742,-451414.5348,-0.0103,-0.1019,0.2402,65.50%
csrs,19,120,2874244.4158,-5675803.2724,-451414.5347,-0.0137,-0.1001,0.2403,71.49%
csrs,20,15,2874244.3892,-5675803.2826,-451414.5689,-0.0403,-0.1103,0.2061,0.00%
csrs,20,30,2874244.4064,-5675803.2902,-451414.5320,-0.0231,-0.1179,0.2430,0.00%
csrs,20,45,2874244.4242,-5675803.2834,-451414.5316,-0.0053,-0.1111,0.2434,96.55%
csrs,20,60,2874244.4244,-5675803.2837,-451414.5312,-0.0051,-0.1114,0.2438,96.57%
csrs,20,120,2874244.4250,-5675803.2845,-451414.5323,-0.0045,-0.1122,0.2427,95.10%
csrs,21,15,2874244.3293,-5675803.2557,-451414.5290,-0.1002,-0.0834,0.2460,0.00%
csrs,21,30,2874244.3613,-5675803.2672,-451414.5069,-0.0682,-0.0949,0.2681,0.00%
csrs,21,45,2874244.4390,-5675803.2840,-451414.5344,0.0095,-0.1117,0.2406,76.38%
csrs,21,60,2874244.4348,-5675803.2784,-451414.5290,0.0053,-0.1061,0.2460,74.69%
csrs,21,120,2874244.4261,-5675803.2744,-451414.5327,-0.0034,-0.1021,0.2423,80.26%
csrs,22,15,2874244.3627,-5675803.2748,-451414.4938,-0.0668,-0.1025,0.2812,0.00%
csrs,22,30,2874244.4013,-5675803.2829,-451414.5253,-0.0282,-0.1106,0.2497,0.00%
csrs,22,45,2874244.4314,-5675803.2887,-451414.5340,0.0019,-0.1164,0.2410,92.45%
csrs,22,60,2874244.4300,-5675803.2887,-451414.5334,0.0005,-0.1164,0.2416,94.56%
csrs,22,120,2874244.4272,-5675803.2891,-451414.5333,-0.0023,-0.1168,0.2417,98.42%
csrs,23,15,2874244.2946,-5675803.3912,-451414.4731,-0.1349,-0.2189,0.3019,0.00%
csrs,23,30,2874244.3884,-5675803.2715,-451414.5219,-0.0411,-0.0992,0.2531,0.00%
csrs,23,45,2874244.4350,-5675803.2887,-451414.5336,0.0055,-0.1164,0.2414,90.73%
csrs,23,60,2874244.4263,-5675803.2818,-451414.5338,-0.0032,-0.1095,0.2412,90.85%
csrs,23,120,2874244.4221,-5675803.2787,-451414.5342,-0.0074,-0.1064,0.2408,92.21%
csrs,24,15,2874244.2326,-5675803.3246,-451414.5108,-0.1969,-0.1523,0.2642,0.00%
csrs,24,30,2874244.4170,-5675803.2949,-451414.5390,-0.0125,-0.1226,0.2360,0.00%
csrs,24,45,2874244.4406,-5675803.2953,-451414.5319,0.0111,-0.1230,0.2431,76.23%
csrs,24,60,2874244.4272,-5675803.2809,-451414.5314,-0.0023,-0.1086,0.2436,89.80%
csrs,24,120,2874244.4203,-5675803.2733,-451414.5337,-0.0092,-0.1010,0.2413,92.77%
csrs,25,15,2874244.2793,-5675803.2953,-451414.5398,-0.1502,-0.1230,0.2352,0.00%
csrs,25,30,2874244.4316,-5675803.2842,-451414.5331,0.0021,-0.1119,0.2419,28.86%
csrs,25,45,2874244.4333,-5675803.2897,-451414.5299,0.0038,-0.1174,0.2451,75.99%
csrs,25,60,2874244.4232,-5675803.2817,-451414.5310,-0.0063,-0.1094,0.2440,96.84%
csrs,25,120,2874244.4243,-5675803.2854,-451414.5337,-0.0052,-0.1131,0.2413,96.48%
csrs,26,15,2874244.4025,-5675803.3061,-451414.5158,-0.0270,-0.1338,0.2592,0.00%
csrs,26,30,2874244.4408,-5675803.2954,-451414.5294,0.0113,-0.1231,0.2456,75.89%
csrs,26,45,2874244.4315,-5675803.2853,-451414.5277,0.0020,-0.1130,0.2473,85.29%
csrs,26,60,2874244.4260,-5675803.2818,-451414.5296,-0.0035,-0.1095,0.2454,95.17%
csrs,26,120,2874244.4223,-5675803.2825,-451414.5308,-0.0072,-0.1102,0.2442,94.82%
csrs,27,15,2874244.4564,-5675803.2293,-451414.4957,0.0269,-0.0570,0.2793,0.00%
csrs,27,30,2874244.4266,-5675803.2782,-451414.5295,-0.0029,-0.1059,0.2455,65.59%
csrs,27,45,2874244.4281,-5675803.2839,-451414.5276,-0.0014,-0.1116,0.2474,90.68%
csrs,27,60,2874244.4238,-5675803.2795,-451414.5292,-0.0057,-0.1072,0.2458,95.37%
csrs,27,120,2874244.4235,-5675803.2792,-451414.5323,-0.0060,-0.1069,0.2427,96.29%
csrs,28,15,2874244.3929,-5675803.3104,-451414.5014,-0.0366,-0.1381,0.2736,0.00%
csrs,28,30,2874244.4244,-5675803.2777,-451414.5313,-0.0051,-0.1054,0.2437,90.00%
csrs,28,45,2874244.4229,-5675803.2776,-451414.5304,-0.0066,-0.1053,0.2446,94.48%
csrs,28,60,2874244.4236,-5675803.2796,-451414.5304,-0.0059,-0.1073,0.2446,92.71%
csrs,28,120,2874244.4266,-5675803.2852,-451414.5310,-0.0029,-0.1129,0.2440,94.58%
csrs,29,15,2874244.3776,-5675803.5179,-451414.5859,-0.0519,-0.3456,0.1891,0.00%
csrs,29,30,2874244.3770,-5675803.4412,-451414.5572,-0.0525,-0.2689,0.2178,0.00%
csrs,29,45,2874244.4333,-5675803.2880,-451414.5257,0.0038,-0.1157,0.2493,73.74%
csrs,29,60,2874244.4272,-5675803.2862,-451414.5293,-0.0023,-0.1139,0.2457,84.44%
csrs,29,120,2874244.4389,-5675803.3051,-451414.5348,0.0094,-0.1328,0.2402,93.46%
csrs,30,15,2874244.2885,-5675803.3391,-451414.5425,-0.1410,-0.1668,0.2325,0.00%
csrs,30,30,2874244.4202,-5675803.2690,-451414.5319,-0.0093,-0.0967,0.2431,73.05%
csrs,30,45,2874244.4210,-5675803.2760,-451414.5323,-0.0085,-0.1037,0.2427,89.56%
csrs,30,60,2874244.4234,-5675803.2791,-451414.5324,-0.0061,-0.1068,0.2426,87.11%
csrs,30,120,2874244.4263,-5675803.2851,-451414.5337,-0.0032,-0.1128,0.2413,93.24%
csrs,182,15,2874244.4053,-5675803.2407,-451414.5264,-0.0242,-0.0684,0.2486,81.27%
csrs,182,30,2874244.4051,-5675803.2445,-451414.5275,-0.0244,-0.0722,0.2475,81.27%
csrs,182,45,2874244.4050,-5675803.2403,-451414.5267,-0.0245,-0.0680,0.2483,85.10%
csrs,182,60,2874244.4053,-5675803.2432,-451414.5267,-0.0242,-0.0709,0.2483,96.59%
csrs,182,120,2874244.4033,-5675803.2372,-451414.5244,-0.0262,-0.0649,0.2506,97.73%
csrs,183,15,2874244.4046,-5675803.2368,-451414.5217,-0.0249,-0.0645,0.2533,76.95%
csrs,183,30,2874244.4040,-5675803.2388,-451414.5233,-0.0255,-0.0665,0.2517,79.64%
csrs,183,45,2874244.4038,-5675803.2364,-451414.5235,-0.0257,-0.0641,0.2515,85.18%
csrs,183,60,2874244.4026,-5675803.2386,-451414.5233,-0.0269,-0.0663,0.2517,96.42%
csrs,183,120,2874244.4010,-5675803.2370,-451414.5236,-0.0285,-0.0647,0.2514,99.17%
csrs,184,15,2874244.4019,-5675803.2315,-451414.5239,-0.0276,-0.0592,0.2511,72.82%
csrs,184,30,2874244.4020,-5675803.2333,-451414.5268,-0.0275,-0.0610,0.2482,79.48%
csrs,184,45,2874244.4072,-5675803.2445,-451414.5270,-0.0223,-0.0722,0.2480,98.69%
csrs,184,60,2874244.4052,-5675803.2431,-451414.5266,-0.0243,-0.0708,0.2484,96.63%
csrs,184,120,2874244.4011,-5675803.2356,-451414.5231,-0.0284,-0.0633,0.2519,99.25%
csrs,185,15,2874244.4050,-5675803.2474,-451414.5283,-0.0245,-0.0751,0.2467,68.67%
csrs,185,30,2874244.1126,-5675803.3230,-451414.5406,-0.3169,-0.1507,0.2344,0.00%
csrs,185,45,2874244.4267,-5675803.2960,-451414.5063,-0.0028,-0.1237,0.2687,58.40%
csrs,185,60,2874244.4328,-5675803.3078,-451414.5076,0.0033,-0.1355,0.2674,76.52%
csrs,185,120,2874244.4174,-5675803.2651,-451414.5124,-0.0121,-0.0928,0.2626,92.49%
csrs,186,15,2874244.4053,-5675803.2513,-451414.5271,-0.0242,-0.0790,0.2479,65.17%
csrs,186,30,2874244.4125,-5675803.2629,-451414.5260,-0.0170,-0.0906,0.2490,77.09%
csrs,186,45,2874244.4079,-5675803.2484,-451414.5272,-0.0216,-0.0761,0.2478,94.95%
csrs,186,60,2874244.4072,-5675803.2460,-451414.5253,-0.0223,-0.0737,0.2497,93.91%
csrs,186,120,2874244.4057,-5675803.2415,-451414.5257,-0.0238,-0.0692,0.2493,97.93%
csrs,187,15,2874244.4135,-5675803.2597,-451414.5282,-0.0160,-0.0874,0.2468,74.70%
csrs,187,30,2874244.4151,-5675803.2617,-451414.5277,-0.0144,-0.0894,0.2473,86.23%
csrs,187,45,2874244.4113,-5675803.2558,-451414.5266,-0.0182,-0.0835,0.2484,85.07%
csrs,187,60,2874244.4076,-5675803.2447,-451414.5247,-0.0219,-0.0724,0.2503,93.63%
csrs,187,120,2874244.4070,-5675803.2398,-451414.5235,-0.0225,-0.0675,0.2515,97.78%
csrs,188,15,2874244.4042,-5675803.2663,-451414.5284,-0.0253,-0.0940,0.2466,76.31%
csrs,188,30,2874244.4084,-5675803.2668,-451414.5264,-0.0211,-0.0945,0.2486,77.58%
csrs,188,45,2874244.4038,-5675803.2424,-451414.5232,-0.0257,-0.0701,0.2518,94.89%
csrs,188,60,2874244.4037,-5675803.2391,-451414.5220,-0.0258,-0.0668,0.2530,98.84%
csrs,188,120,2874244.4072,-5675803.2420,-451414.5212,-0.0223,-0.0697,0.2538,96.09%
csrs,189,15,2874244.4074,-5675803.2655,-451414.5236,-0.0221,-0.0932,0.2514,68.67%
csrs,189,30,2874244.3980,-5675803.2376,-451414.5232,-0.0315,-0.0653,0.2518,77.71%
csrs,189,45,2874244.3946,-5675803.2221,-451414.5199,-0.0349,-0.0498,0.2551,75.99%
csrs,189,60,2874244.3944,-5675803.2211,-451414.5193,-0.0351,-0.0488,0.2557,80.56%
csrs,189,120,2874244.4022,-5675803.2341,-451414.5194,-0.0273,-0.0618,0.2556,91.62%
csrs,190,15,2874244.4272,-5675803.2863,-451414.5290,-0.0023,-0.1140,0.2460,80.00%
csrs,190,30,2874244.4095,-5675803.2455,-451414.5269,-0.0200,-0.0732,0.2481,80.00%
csrs,190,45,2874244.4060,-5675803.2398,-451414.5233,-0.0235,-0.0675,0.2517,80.00%
csrs,190,60,2874244.4035,-5675803.2370,-451414.5219,-0.0260,-0.0647,0.2531,79.28%
csrs,190,120,2874244.4071,-5675803.2396,-451414.5208,-0.0224,-0.0673,0.2542,90.34%
csrs,191,15,2874244.4429,-5675803.3121,-451414.5285,0.0134,-0.1398,0.2465,80.00%
csrs,191,30,2874244.4145,-5675803.2573,-451414.5226,-0.0150,-0.0850,0.2524,76.49%
csrs,191,45,2874244.4133,-5675803.2533,-451414.5222,-0.0162,-0.0810,0.2528,90.18%
csrs,191,60,2874244.4089,-5675803.2434,-451414.5225,-0.0206,-0.0711,0.2525,98.32%
csrs,191,120,2874244.4142,-5675803.2535,-451414.5224,-0.0153,-0.0812,0.2526,95.13%
csrs,192,15,2874244.4064,-5675803.2327,-451414.5230,-0.0231,-0.0604,0.2520,68.45%
csrs,192,30,2874244.4088,-5675803.2447,-451414.5241,-0.0207,-0.0724,0.2509,75.43%
csrs,192,45,2874244.4032,-5675803.2366,-451414.5242,-0.0263,-0.0643,0.2508,81.37%
csrs,192,60,2874244.4028,-5675803.2340,-451414.5244,-0.0267,-0.0617,0.2506,97.95%
csrs,192,120,2874244.4101,-5675803.2418,-451414.5227,-0.0194,-0.0695,0.2523,94.31%
csrs,193,15,2874244.3739,-5675803.1841,-451414.5179,-0.0556,-0.0118,0.2571,76.31%
csrs,193,30,2874244.3912,-5675803.2165,-451414.5202,-0.0383,-0.0442,0.2548,74.50%
csrs,193,45,2874244.3920,-5675803.2195,-451414.5240,-0.0375,-0.0472,0.2510,81.11%
csrs,193,60,2874244.4013,-5675803.2331,-451414.5249,-0.0282,-0.0608,0.2501,97.36%
csrs,193,120,2874244.4072,-5675803.2378,-451414.5224,-0.0223,-0.0655,0.2526,100.00%
csrs,194,15,2874244.3875,-5675803.2087,-451414.5189,-0.0420,-0.0364,0.2561,74.25%
csrs,194,30,2874244.3899,-5675803.2139,-451414.5225,-0.0396,-0.0416,0.2525,73.49%
csrs,194,45,2874244.3950,-5675803.2221,-451414.5235,-0.0345,-0.0498,0.2515,80.64%
csrs,194,60,2874244.3982,-5675803.2269,-451414.5226,-0.0313,-0.0546,0.2524,80.91%
csrs,194,120,2874244.4024,-5675803.2349,-451414.5207,-0.0271,-0.0626,0.2543,88.49%
csrs,195,15,2874244.4038,-5675803.2319,-451414.5232,-0.0257,-0.0596,0.2518,63.64%
csrs,195,30,2874244.4047,-5675803.2384,-451414.5237,-0.0248,-0.0661,0.2513,81.82%
csrs,195,45,2874244.4031,-5675803.2339,-451414.5247,-0.0264,-0.0616,0.2503,89.74%
csrs,195,60,2874244.4055,-5675803.2374,-451414.5247,-0.0240,-0.0651,0.2503,100.00%
csrs,195,120,2874244.4107,-5675803.2417,-451414.5220,-0.0188,-0.0694,0.2530,100.00%
csrs,196,15,2874244.4059,-5675803.2389,-451414.5263,-0.0236,-0.0666,0.2487,63.64%
csrs,196,30,2874244.4039,-5675803.2327,-451414.5268,-0.0256,-0.0604,0.2482,81.64%
csrs,196,45,2874244.4015,-5675803.2282,-451414.5274,-0.0280,-0.0559,0.2476,77.69%
csrs,196,60,2874244.4073,-5675803.2384,-451414.5265,-0.0222,-0.0661,0.2485,84.73%
csrs,196,120,2874244.4090,-5675803.2405,-451414.5230,-0.0205,-0.0682,0.2520,87.22%
csrs,197,15,2874244.3971,-5675803.2386,-451414.5230,-0.0324,-0.0663,0.2520,63.64%
csrs,197,30,2874244.4073,-5675803.2463,-451414.5269,-0.0222,-0.0740,0.2481,80.97%
csrs,197,45,2874244.4077,-5675803.2509,-451414.5265,-0.0218,-0.0786,0.2485,100.00%
csrs,197,60,2874244.4108,-5675803.2550,-451414.5264,-0.0187,-0.0827,0.2486,100.00%
csrs,197,120,2874244.4121,-5675803.2536,-451414.5238,-0.0174,-0.0813,0.2512,99.73%
csrs,198,15,2874244.4429,-5675803.3108,-451414.5099,0.0134,-0.1385,0.2651,0.00%
csrs,198,30,2874244.4053,-5675803.2397,-451414.5253,-0.0242,-0.0674,0.2497,88.12%
csrs,198,45,2874244.4048,-5675803.2362,-451414.5256,-0.0247,-0.0639,0.2494,93.57%
csrs,198,60,2874244.4059,-5675803.2388,-451414.5288,-0.0236,-0.0665,0.2462,95.03%
csrs,198,120,2874244.4167,-5675803.2522,-451414.5222,-0.0128,-0.0799,0.2528,91.90%
csrs,199,15,2874244.4127,-5675803.2536,-451414.5237,-0.0168,-0.0813,0.2513,82.06%
csrs,199,30,2874244.4085,-5675803.2488,-451414.5243,-0.0210,-0.0765,0.2507,89.31%
csrs,199,45,2874244.4124,-5675803.2545,-451414.5242,-0.0171,-0.0822,0.2508,97.00%
csrs,199,60,2874244.4150,-5675803.2597,-451414.5226,-0.0145,-0.0874,0.2524,96.15%
csrs,199,120,2874244.4171,-5675803.2624,-451414.5188,-0.0124,-0.0901,0.2562,92.22%
csrs,200,15,2874244.3782,-5675803.2158,-451414.5320,-0.0513,-0.0435,0.2430,27.19%
csrs,200,30,2874244.3970,-5675803.2297,-451414.5314,-0.0325,-0.0574,0.2436,80.38%
csrs,200,45,2874244.4099,-5675803.2450,-451414.5306,-0.0196,-0.0727,0.2444,92.56%
csrs,200,60,2874244.4076,-5675803.2473,-451414.5322,-0.0219,-0.0750,0.2428,95.89%
csrs,200,120,2874244.4198,-5675803.2659,-451414.5245,-0.0097,-0.0936,0.2505,82.38%
csrs,201,15,2874244.4002,-5675803.2334,-451414.5299,-0.0293,-0.0611,0.2451,71.06%
csrs,201,30,2874244.4030,-5675803.2359,-451414.5242,-0.0265,-0.0636,0.2508,95.02%
csrs,201,45,2874244.4163,-5675803.2537,-451414.5210,-0.0132,-0.0814,0.2540,87.30%
csrs,201,60,2874244.4136,-5675803.2503,-451414.5219,-0.0159,-0.0780,0.2531,95.19%
csrs,201,120,2874244.4119,-5675803.2464,-451414.5187,-0.0176,-0.0741,0.2563,96.72%
csrs,202,15,2874244.3837,-5675803.2065,-451414.5326,-0.0458,-0.0342,0.2424,61.30%
csrs,202,30,2874244.4072,-5675803.2408,-451414.5317,-0.0223,-0.0685,0.2433,86.73%
csrs,202,45,2874244.4117,-5675803.2486,-451414.5304,-0.0178,-0.0763,0.2446,97.03%
csrs,202,60,2874244.4131,-5675803.2511,-451414.5290,-0.0164,-0.0788,0.2460,94.65%
csrs,202,120,2874244.4141,-5675803.2546,-451414.5226,-0.0154,-0.0823,0.2524,96.41%
csrs,203,15,2874244.3049,-5675803.2295,-451414.5212,-0.1246,-0.0572,0.2538,0.00%
csrs,203,30,2874244.4145,-5675803.2466,-451414.5281,-0.0150,-0.0743,0.2469,88.19%
csrs,203,45,2874244.4207,-5675803.2614,-451414.5250,-0.0088,-0.0891,0.2500,92.23%
csrs,203,60,2874244.4190,-5675803.2568,-451414.5256,-0.0105,-0.0845,0.2494,88.07%
csrs,203,120,2874244.4200,-5675803.2685,-451414.5235,-0.0095,-0.0962,0.2515,92.73%
csrs,204,15,2874244.3983,-5675803.1642,-451414.4926,-0.0312,0.0081,0.2824,0.00%
csrs,204,30,2874244.3923,-5675803.2329,-451414.5400,-0.0372,-0.0606,0.2350,89.09%
csrs,204,45,2874244.4096,-5675803.2537,-451414.5358,-0.0199,-0.0814,0.2392,85.76%
csrs,204,60,2874244.4110,-5675803.2598,-451414.5359,-0.0185,-0.0875,0.2391,84.22%
csrs,204,120,2874244.4233,-5675803.2794,-451414.5260,-0.0062,-0.1071,0.2490,94.83%
csrs,205,15,2874244.4019,-5675803.2379,-451414.5244,-0.0276,-0.0656,0.2506,72.51%
csrs,205,30,2874244.4101,-5675803.2485,-451414.5246,-0.0194,-0.0762,0.2504,90.03%
csrs,205,45,2874244.4178,-5675803.2589,-451414.5234,-0.0117,-0.0866,0.2516,98.07%
csrs,205,60,2874244.4187,-5675803.2602,-451414.5225,-0.0108,-0.0879,0.2525,94.88%
csrs,205,120,2874244.4178,-5675803.2643,-451414.5213,-0.0117,-0.0920,0.2537,94.25%
csrs,206,15,2874244.4041,-5675803.2484,-451414.5383,-0.0254,-0.0761,0.2367,37.24%
csrs,206,30,2874244.4135,-5675803.2596,-451414.5256,-0.0160,-0.0873,0.2494,87.00%
csrs,206,45,2874244.4137,-5675803.2611,-451414.5249,-0.0158,-0.0888,0.2501,89.70%
csrs,206,60,2874244.4156,-5675803.2630,-451414.5239,-0.0139,-0.0907,0.2511,88.04%
csrs,206,120,2874244.4148,-5675803.2625,-451414.5226,-0.0147,-0.0902,0.2524,95.17%
csrs,207,15,2874244.4014,-5675803.2345,-451414.5341,-0.0281,-0.0622,0.2409,38.27%
csrs,207,30,2874244.4196,-5675803.2702,-451414.5241,-0.0099,-0.0979,0.2509,97.72%
csrs,207,45,2874244.4220,-5675803.2749,-451414.5234,-0.0075,-0.1026,0.2516,97.65%
csrs,207,60,2874244.4190,-5675803.2716,-451414.5235,-0.0105,-0.0993,0.2515,91.36%
csrs,207,120,2874244.4175,-5675803.2677,-451414.5203,-0.0120,-0.0954,0.2547,92.78%
csrs,208,15,2874244.4042,-5675803.2501,-451414.5264,-0.0253,-0.0778,0.2486,59.24%
csrs,208,30,2874244.4177,-5675803.2691,-451414.5257,-0.0118,-0.0968,0.2493,99.33%
csrs,208,45,2874244.4197,-5675803.2721,-451414.5242,-0.0098,-0.0998,0.2508,98.40%
csrs,208,60,2874244.4174,-5675803.2671,-451414.5225,-0.0121,-0.0948,0.2525,96.25%
csrs,208,120,2874244.4180,-5675803.2685,-451414.5198,-0.0115,-0.0962,0.2552,94.73%
csrs,209,15,2874244.3991,-5675803.2309,-451414.5266,-0.0304,-0.0586,0.2484,70.00%
csrs,209,30,2874244.4152,-5675803.2578,-451414.5254,-0.0143,-0.0855,0.2496,99.66%
csrs,209,45,2874244.4186,-5675803.2642,-451414.5270,-0.0109,-0.0919,0.2480,97.72%
csrs,209,60,2874244.4186,-5675803.2672,-451414.5261,-0.0109,-0.0949,0.2489,92.45%
csrs,209,120,2874244.4226,-5675803.2736,-451414.5226,-0.0069,-0.1013,0.2524,97.71%
csrs,210,15,2874244.1260,-5675803.2152,-451414.5527,-0.3035,-0.0429,0.2223,0.00%
csrs,210,30,2874244.1711,-5675803.2326,-451414.5611,-0.2584,-0.0603,0.2139,0.00%
csrs,210,45,2874244.2263,-5675803.2621,-451414.5606,-0.2032,-0.0898,0.2144,0.00%
csrs,210,60,2874244.4166,-5675803.2614,-451414.5193,-0.0129,-0.0891,0.2557,71.23%
csrs,210,120,2874244.4069,-5675803.2466,-451414.5191,-0.0226,-0.0743,0.2559,95.56%
csrs,211,15,2874244.4704,-5675803.2339,-451414.5166,0.0409,-0.0616,0.2584,0.00%
csrs,211,30,2874244.4258,-5675803.2812,-451414.5264,-0.0037,-0.1089,0.2486,94.21%
